Timestamp,Value
2026-09-27 01:20:42,84.66
2026-09-27 01:30:48,84.66
2026-09-27 01:40:43,84.66
2026-09-27 01:50:43,84.66
2026-09-27 02:00:57,84.66
2026-09-27 02:10:44,84.66
2026-09-27 02:20:47,84.66
2026-09-27 02:30:47,84.66
2026-09-27 02:40:43,84.66
2026-09-27 02:50:38,84.66
2026-09-27 03:00:57,84.66
2026-09-27 03:10:44,84.66
2026-09-27 03:20:47,84.66
2026-09-27 03:30:49,84.66
2026-09-27 03:40:44,84.66
2026-09-27 03:50:43,243.55
2026-09-27 04:00:56,84.66
2026-09-27 04:10:44,84.66
2026-09-27 04:20:44,84.66
2026-09-27 04:30:51,84.66
2026-09-27 04:40:42,84.66
2026-09-27 04:50:41,84.66
2026-09-27 05:00:56,84.67
2026-09-27 05:10:41,243.57
2026-09-27 05:20:41,84.67
2026-09-27 05:30:54,84.67
2026-09-27 05:40:47,84.67
2026-09-27 05:50:50,84.67
2026-09-27 06:00:55,84.67
2026-09-27 06:10:43,84.67
2026-09-27 06:20:41,84.67
2026-09-27 06:30:54,84.67
2026-09-27 06:40:42,84.67
2026-09-27 06:50:38,84.68
2026-09-27 07:01:07,84.68
2026-09-27 07:10:42,84.68
2026-09-27 07:20:49,84.68
2026-09-27 07:30:49,84.68
2026-09-27 07:40:43,243.58
2026-09-27 07:50:45,84.68
2026-09-27 08:01:01,84.68
2026-09-27 08:11:21,84.68
2026-09-27 08:20:49,84.68
2026-09-27 08:30:56,84.68
2026-09-27 08:40:41,84.68
2026-09-27 08:50:46,84.69
2026-09-27 09:00:54,84.69
2026-09-27 09:10:43,84.69
2026-09-27 09:20:57,84.69
2026-09-27 09:30:51,84.69
2026-09-27 09:40:51,84.69
2026-09-27 09:50:43,84.68
2026-09-27 10:00:53,84.68
2026-09-27 10:10:44,84.68
2026-09-27 10:20:46,84.68
2026-09-27 10:30:48,84.68
2026-09-27 10:40:48,84.68
2026-09-27 10:50:49,84.69
2026-09-27 11:01:00,84.69
2026-09-27 11:10:44,84.69
2026-09-27 11:20:43,84.69
2026-09-27 11:30:50,84.69
2026-09-27 11:40:45,84.69
2026-09-27 11:50:45,84.69
2026-09-27 12:01:01,84.69
2026-09-27 12:10:45,84.69
2026-09-27 12:20:47,84.69
2026-09-27 12:30:53,84.69
2026-09-27 12:40:40,84.69
2026-09-27 12:50:55,84.68
2026-09-27 13:01:30,84.68
2026-09-27 13:11:19,84.68
2026-09-27 13:21:22,84.68
2026-09-27 13:30:59,84.68
2026-09-27 13:40:37,84.68
2026-09-27 13:50:42,84.68
2026-09-27 14:00:51,84.69
2026-09-27 14:10:49,84.69
2026-09-27 14:20:46,84.69
2026-09-27 14:30:54,84.69
2026-09-27 14:40:43,243.6
2026-09-27 14:50:46,84.68
2026-09-27 15:00:58,84.68
2026-09-27 15:10:44,84.68
2026-09-27 15:20:52,243.6
2026-09-27 15:30:52,84.68
2026-09-27 15:40:52,84.68
2026-09-27 15:50:43,84.68
2026-09-27 16:00:54,84.68
2026-09-27 16:10:47,84.68
2026-09-27 16:20:49,84.68
2026-09-27 16:30:51,84.68
2026-09-27 16:40:44,243.6
2026-09-27 16:50:45,243.58
2026-09-27 17:00:51,84.69
2026-09-27 17:10:42,84.69
2026-09-27 17:20:47,84.69
2026-09-27 17:30:56,243.58
2026-09-27 17:40:44,84.69
2026-09-27 17:50:38,84.69
2026-09-27 18:00:53,243.58
2026-09-27 18:10:48,84.69
2026-09-27 18:20:47,84.69
2026-09-27 18:31:00,84.69
2026-09-27 18:40:42,84.69
2026-09-27 18:50:50,84.69
2026-09-27 19:00:57,84.69
2026-09-27 19:10:45,84.69
2026-09-27 19:20:48,84.69
2026-09-27 19:30:51,84.69
2026-09-27 19:40:43,84.69
2026-09-27 19:50:37,84.7
2026-09-27 20:00:55,84.7
2026-09-27 20:10:49,243.58
2026-09-27 20:20:46,84.7
2026-09-27 20:30:52,84.7
2026-09-27 20:40:46,84.7
2026-09-27 20:50:40,84.7
2026-09-27 21:00:57,84.71
2026-09-27 21:10:46,84.71
2026-09-27 21:20:45,84.71
2026-09-27 21:30:57,84.71
2026-09-27 21:40:45,84.71
2026-09-27 21:50:43,84.71
2026-09-27 22:00:52,84.71
2026-09-27 22:10:48,84.71
2026-09-27 22:20:41,84.71
2026-09-27 22:30:55,84.71
2026-09-27 22:40:48,84.71
2026-09-27 22:50:47,84.71
2026-09-27 23:00:59,84.71
2026-09-27 23:10:48,84.71
2026-09-27 23:20:49,84.71
2026-09-27 23:30:49,84.71
2026-09-27 23:40:42,84.71
2026-09-27 23:50:49,84.72
2026-09-28 00:00:56,84.72
2026-09-28 00:10:47,84.72
2026-09-28 00:20:47,84.72
2026-09-28 00:31:00,84.72
2026-09-28 00:40:43,84.72
2026-09-28 00:50:50,84.72
2026-09-28 01:00:59,84.72
2026-09-28 01:10:42,84.72
2026-09-28 01:20:45,84.72
2026-09-28 01:30:52,84.72
2026-09-28 01:40:48,84.72
2026-09-28 01:50:44,84.73
2026-09-28 02:00:57,84.73
2026-09-28 02:10:44,84.73
2026-09-28 02:20:45,84.73
2026-09-28 02:30:57,84.73
2026-09-28 02:40:44,84.73
2026-09-28 02:50:46,84.73
2026-09-28 03:01:07,84.73
2026-09-28 03:10:43,84.73
2026-09-28 03:20:51,84.73
2026-09-28 03:30:57,84.73
2026-09-28 03:40:46,84.73
2026-09-28 03:50:46,84.74
2026-09-28 04:00:55,84.74
2026-09-28 04:10:43,84.74
2026-09-28 04:20:42,84.74
2026-09-28 04:30:53,84.74
2026-09-28 04:40:44,84.74
2026-09-28 04:50:42,84.74
2026-09-28 05:00:54,84.74
2026-09-28 05:10:43,84.74
2026-09-28 05:20:44,84.74
2026-09-28 05:30:52,84.74
2026-09-28 05:40:42,84.74
2026-09-28 05:50:47,84.75
2026-09-28 06:00:57,84.75
2026-09-28 06:10:47,84.75
2026-09-28 06:20:43,84.75
2026-09-28 06:31:00,84.75
2026-09-28 06:40:45,84.75
2026-09-28 06:50:43,84.75
2026-09-28 07:00:55,84.75
2026-09-28 07:10:46,84.75
2026-09-28 07:20:50,84.75
2026-09-28 07:30:51,84.75
2026-09-28 07:41:22,84.75
2026-09-28 07:50:48,84.75
2026-09-28 08:00:58,84.75
2026-09-28 08:10:49,84.75
2026-09-28 08:20:47,84.75
2026-09-28 08:30:55,84.75
2026-09-28 08:40:43,84.75
2026-09-28 08:50:46,84.76
2026-09-28 09:00:55,84.76
2026-09-28 09:10:44,84.76
2026-09-28 09:20:52,84.76
2026-09-28 09:30:57,84.76
2026-09-28 09:40:50,84.76
2026-09-28 09:50:48,84.75
2026-09-28 10:01:31,84.75
2026-09-28 10:10:56,84.75
2026-09-28 10:20:42,84.75
2026-09-28 10:30:50,84.75
2026-09-28 10:40:44,84.75
2026-09-28 10:50:46,84.75
2026-09-28 11:00:54,84.75
2026-09-28 11:10:48,84.75
2026-09-28 11:20:50,84.75
2026-09-28 11:30:53,84.75
2026-09-28 11:40:39,84.75
2026-09-28 11:50:49,84.75
2026-09-28 12:01:01,84.75
2026-09-28 12:10:45,84.75
2026-09-28 12:20:52,84.75
2026-09-28 12:30:56,84.75
2026-09-28 12:40:40,84.75
2026-09-28 12:50:50,84.75
2026-09-28 13:01:09,84.75
2026-09-28 13:10:49,84.75
2026-09-28 13:20:47,84.75
2026-09-28 13:30:55,84.75
2026-09-28 13:40:43,84.75
2026-09-28 13:50:49,84.75
2026-09-28 14:01:14,84.75
2026-09-28 14:10:52,84.75
2026-09-28 14:20:47,84.75
2026-09-28 14:30:55,84.75
2026-09-28 14:40:45,84.75
2026-09-28 14:50:52,84.76
2026-09-28 15:01:04,84.76
2026-09-28 15:10:50,84.76
2026-09-28 15:20:50,84.76
2026-09-28 15:40:48,84.76
2026-09-28 15:51:01,84.74
2026-09-28 16:01:00,84.74
2026-09-28 16:11:27,84.74
2026-09-28 16:21:00,84.74
2026-09-28 16:30:50,84.74
2026-09-28 16:41:05,84.74
2026-09-28 16:50:44,84.74
2026-09-28 17:01:06,84.74
2026-09-28 17:10:51,84.74
2026-09-28 17:20:48,84.74
2026-09-28 17:30:55,84.74
2026-09-28 17:40:55,84.74
2026-09-28 17:50:53,84.74
2026-09-28 18:01:01,84.74
2026-09-28 18:10:49,84.74
2026-09-28 18:20:47,84.74
2026-09-28 18:30:54,84.74
2026-09-28 18:40:45,84.74
2026-09-28 18:50:58,84.74
2026-09-28 19:01:04,84.74
2026-09-28 19:10:47,84.74
2026-09-28 19:20:50,84.74
2026-09-28 19:30:53,84.74
2026-09-28 19:41:25,84.74
2026-09-28 19:50:57,84.78
2026-09-28 20:00:58,84.78
2026-09-28 20:10:53,84.78
2026-09-28 20:20:43,84.78
2026-09-28 20:31:00,84.78
2026-09-28 20:40:53,84.78
2026-09-28 20:50:50,84.74
2026-09-28 21:01:00,84.74
2026-09-28 21:10:42,84.74
2026-09-28 21:20:46,84.74
2026-09-28 21:30:55,84.74
2026-09-28 21:40:46,84.74
2026-09-28 21:50:48,84.78
2026-09-28 22:00:59,84.78
2026-09-28 22:10:46,84.78
2026-09-28 22:20:46,84.78
2026-09-28 22:30:58,84.78
2026-09-28 22:40:48,84.78
2026-09-28 22:50:47,84.79
2026-09-28 23:01:04,84.79
2026-09-28 23:10:43,84.79
2026-09-28 23:20:50,84.79
2026-09-28 23:30:51,84.79
2026-09-28 23:40:49,84.79
2026-09-28 23:50:52,84.78
2026-09-29 00:00:59,84.78
2026-09-29 00:10:48,84.78
2026-09-29 00:20:43,84.78
2026-09-29 00:30:51,84.78
2026-09-29 00:40:43,84.78
2026-09-29 00:50:38,84.8
2026-09-29 01:00:57,84.8
2026-09-29 01:10:46,84.8
2026-09-29 01:20:45,84.8
2026-09-29 01:30:57,84.8
2026-09-29 01:40:49,84.8
2026-09-29 01:51:28,84.8
2026-09-29 02:00:58,84.8
2026-09-29 02:10:46,84.8
2026-09-29 02:20:47,84.8
2026-09-29 02:30:53,84.8
2026-09-29 02:40:42,84.8
2026-09-29 02:50:47,84.8
2026-09-29 03:01:03,84.8
2026-09-29 03:10:45,84.8
2026-09-29 03:20:49,84.8
2026-09-29 03:30:56,84.8
2026-09-29 03:40:47,84.8
2026-09-29 03:50:43,84.8
2026-09-29 04:00:58,84.8
2026-09-29 04:10:48,84.8
2026-09-29 04:20:42,84.8
2026-09-29 04:30:53,84.8
2026-09-29 04:40:43,84.8
2026-09-29 04:50:49,84.8
2026-09-29 05:00:56,84.8
2026-09-29 05:10:51,84.8
2026-09-29 05:20:40,84.8
2026-09-29 05:30:53,84.8
2026-09-29 05:40:44,84.8
2026-09-29 05:50:40,84.8
2026-09-29 06:01:01,84.8
2026-09-29 06:10:44,84.8
2026-09-29 06:20:46,84.8
2026-09-29 06:30:54,84.8
2026-09-29 06:40:52,84.8
2026-09-29 06:50:50,84.8
2026-09-29 07:00:55,84.8
2026-09-29 07:10:51,84.8
2026-09-29 07:20:46,84.8
2026-09-29 07:30:56,84.8
2026-09-29 07:40:42,84.8
2026-09-29 07:50:51,84.8
2026-09-29 08:01:03,84.8
2026-09-29 08:10:48,84.8
2026-09-29 08:20:44,84.8
2026-09-29 08:30:50,84.8
2026-09-29 08:40:47,84.8
2026-09-29 08:50:49,84.8
2026-09-29 09:00:55,84.8
2026-09-29 09:10:56,84.8
2026-09-29 09:20:49,84.8
2026-09-29 09:30:54,84.8
2026-09-29 09:40:49,84.8
2026-09-29 09:50:44,84.8
2026-09-29 10:01:01,84.8
2026-09-29 10:10:40,84.8
2026-09-29 10:20:45,84.8
2026-09-29 10:31:30,84.8
2026-09-29 10:40:45,84.8
2026-09-29 10:50:50,84.79
2026-09-29 11:01:00,84.79
2026-09-29 11:10:47,84.79
2026-09-29 11:20:44,84.79
2026-09-29 11:30:55,84.79
2026-09-29 11:40:49,84.79
2026-09-29 11:50:52,84.8
2026-09-29 12:01:14,84.8
2026-09-29 12:10:48,84.8
2026-09-29 12:20:46,84.8
2026-09-29 12:30:50,84.8
2026-09-29 12:40:50,84.8
2026-09-29 12:50:47,84.8
2026-09-29 13:01:04,84.8
2026-09-29 13:10:50,84.8
2026-09-29 13:20:44,84.8
2026-09-29 13:30:56,84.8
2026-09-29 13:40:43,84.8
2026-09-29 13:50:50,84.8
2026-09-29 14:01:04,84.8
2026-09-29 14:10:48,84.8
2026-09-29 14:20:48,84.8
2026-09-29 14:30:57,84.8
2026-09-29 14:40:44,84.8
2026-09-29 14:50:45,84.79
2026-09-29 15:01:05,84.79
2026-09-29 15:10:45,84.79
2026-09-29 15:21:05,84.79
2026-09-29 15:31:03,84.79
2026-09-29 15:40:50,84.79
2026-09-29 15:50:51,84.78
2026-09-29 16:01:03,84.78
2026-09-29 16:10:53,84.78
2026-09-29 16:20:46,84.78
2026-09-29 16:30:47,84.78
2026-09-29 16:40:47,84.78
2026-09-29 16:50:48,84.8
2026-09-29 17:01:04,84.8
2026-09-29 17:10:39,84.8
2026-09-29 17:20:48,84.8
2026-09-29 17:30:53,84.8
2026-09-29 17:40:47,84.8
2026-09-29 17:50:55,84.79
2026-09-29 18:01:00,84.79
2026-09-29 18:10:48,84.79
2026-09-29 18:20:52,84.79
2026-09-29 18:30:52,84.79
2026-09-29 18:40:47,84.79
2026-09-29 18:50:43,84.78
2026-09-29 19:00:57,84.78
2026-09-29 19:10:42,84.78
2026-09-29 19:20:44,84.78
2026-09-29 19:30:57,84.78
2026-09-29 19:40:59,84.78
2026-09-29 19:50:53,84.8
2026-09-29 20:00:59,84.8
2026-09-29 20:10:43,84.8
2026-09-29 20:20:48,84.8
2026-09-29 20:30:58,84.8
2026-09-29 20:40:49,84.8
2026-09-29 20:50:40,84.81
2026-09-29 21:01:02,84.81
2026-09-29 21:10:42,84.81
2026-09-29 21:20:53,84.81
2026-09-29 21:30:52,84.81
2026-09-29 21:40:51,84.81
2026-09-29 21:50:57,84.82
2026-09-29 22:01:01,84.82
2026-09-29 22:10:48,84.82
2026-09-29 22:20:44,84.82
2026-09-29 22:30:55,84.82
2026-09-29 22:41:26,84.82
2026-09-29 22:50:47,84.82
2026-09-29 23:01:00,84.82
2026-09-29 23:10:48,84.82
2026-09-29 23:20:49,84.82
2026-09-29 23:30:53,84.82
2026-09-29 23:40:44,84.82
2026-09-29 23:50:43,84.83
2026-09-30 00:00:58,84.83
2026-09-30 00:10:48,84.83
2026-09-30 00:20:49,84.83
2026-09-30 00:30:53,84.83
2026-09-30 00:40:48,84.83
2026-09-30 00:50:50,84.83
2026-09-30 01:00:55,84.84
2026-09-30 01:10:48,84.84
2026-09-30 01:20:44,84.84
